3/4 sit-up,四分之三仰卧起坐
45° side bend,45度侧屈
air bike,空中单车
all fours squad stretch,四点支撑深蹲拉伸
alternate heel touchers,交替触踝卷腹
alternate lateral pulldown,交替侧下拉
ankle circles,脚踝环绕
archer pull up,弓箭手引体向上
archer push up,弓箭手俯卧撑
arm slingers hanging bent knee legs,悬挂屈腿摆臂
arm slingers hanging straight legs,悬挂直腿摆臂
arms apart circular toe touch (male),分腿圆周触趾（男）
arms overhead full sit-up (male),举臂全程仰卧起坐（男）
assisted chest dip (kneeling),跪姿辅助双杠臂屈伸
assisted hanging knee raise,辅助悬挂举腿
assisted hanging knee raise with throw down,辅助悬挂举腿下压
assisted lying calves stretch,辅助仰卧小腿拉伸
assisted lying glutes stretch,辅助仰卧臀部拉伸
assisted lying gluteus and piriformis stretch,辅助仰卧臀肌梨状肌拉伸
assisted lying leg raise with lateral throw down,辅助仰卧举腿侧下压
assisted lying leg raise with throw down,辅助仰卧举腿下压
assisted motion russian twist,辅助动态俄罗斯转体
assisted parallel close grip pull-up,辅助平行窄握引体向上
assisted prone hamstring,辅助俯卧腘绳肌训练
assisted prone lying quads stretch,辅助俯卧股四头肌拉伸
assisted prone rectus femoris stretch,辅助俯卧股直肌拉伸
assisted pull-up,辅助引体向上
assisted seated pectoralis major stretch with stability ball,瑜伽球辅助坐姿胸大肌拉伸
assisted side lying adductor stretch,辅助侧卧内收肌拉伸
assisted sit-up,辅助仰卧起坐
assisted standing chin-up,站姿辅助正握引体向上
assisted standing pull-up,站姿辅助引体向上
assisted standing triceps extension (with towel),站姿毛巾辅助三头肌伸展
assisted triceps dip (kneeling),跪姿辅助三头肌臂屈伸
assisted wide-grip chest dip (kneeling),跪姿宽握辅助双杠臂屈伸
astride jumps (male),分腿跳跃（男）
back and forth step,前后踏步
back extension on exercise ball,瑜伽球背部伸展
back lever,后水平支撑
back pec stretch,背部胸肌拉伸
backward jump,向后跳跃
balance board,平衡板训练
band alternating biceps curl,弹力带交替二头弯举
band alternating v-up,弹力带交替V字卷腹
band assisted pull-up,弹力带辅助引体向上
band assisted wheel rollerout,弹力带辅助健腹轮
band bench press,弹力带卧推
band bent-over hip extension,弹力带俯身髋伸展
band bicycle crunch,弹力带单车卷腹
band close-grip pulldown,弹力带窄握下拉
band close-grip push-up,弹力带窄握俯卧撑
band concentration curl,弹力带集中弯举
band fixed back close grip pulldown,弹力带固定靠背窄握下拉
band fixed back underhand pulldown,弹力带固定靠背反手下拉
band front lateral raise,弹力带前平举侧平举
band front raise,弹力带前平举
band hip lift,弹力带臀桥
band horizontal pallof press,弹力带水平抗旋转推
band jack knife sit-up,弹力带折刀仰卧起坐
band kneeling one arm pulldown,弹力带跪姿单臂下拉
band kneeling twisting crunch,弹力带跪姿转体卷腹
bodyweight side lying biceps curl,自重侧卧二头弯举
band lying hip internal rotation,弹力带仰卧髋内旋
band lying straight leg raise,弹力带仰卧直腿上抬
band one arm overhead biceps curl,弹力带单臂过头二头弯举
band one arm single leg split squat,弹力带单臂单腿分腿蹲
band one arm standing low row,弹力带单臂站姿低位划船
band one arm twisting chest press,弹力带单臂转体推胸
band one arm twisting seated row,弹力带单臂转体坐姿划船
band pull through,弹力带后拉
band push sit-up,弹力带推起仰卧起坐
band reverse fly,弹力带反向飞鸟
band reverse wrist curl,弹力带反向腕弯举
band seated hip internal rotation,弹力带坐姿髋内旋
band seated twist,弹力带坐姿转体
band shoulder press,弹力带肩推
band shrug,弹力带耸肩
band side triceps extension,弹力带侧臂三头肌伸展
band single leg calf raise,弹力带单腿提踵
band single leg reverse calf raise,弹力带单腿反向提踵
band single leg split squat,弹力带单腿分腿蹲
band squat,弹力带深蹲
band squat row,弹力带深蹲划船
band standing crunch,弹力带站姿卷腹
band standing rear delt row,弹力带站姿后束划船
band standing twisting crunch,弹力带站姿转体卷腹
band step-up,弹力带台阶上步
band stiff leg deadlift,弹力带硬拉（直腿）
band straight back stiff leg deadlift,弹力带直背直腿硬拉
band straight leg deadlift,弹力带直腿硬拉
band twisting overhead press,弹力带转体过头推
band two legs calf raise - (band under both legs) v. 2,弹力带双腿提踵（2版）
band underhand pulldown,弹力带反手下拉
band v-up,弹力带V字卷腹
band vertical pallof press,弹力带垂直抗旋转推
band wrist curl,弹力带腕弯举
ring dips,吊环臂屈伸
band y-raise,弹力带Y字飞鸟
barbell alternate biceps curl,杠铃交替二头弯举
barbell bench front squat,杠铃凳上前蹲
barbell bench press,杠铃卧推
barbell bench squat,杠铃凳上深蹲
barbell bent arm pullover,杠铃屈臂上拉
barbell bent over row,杠铃俯身划船
barbell biceps curl (with arm blaster),杠铃二头弯举（带护臂）
barbell clean and press,杠铃挺举
barbell clean-grip front squat,杠铃宽握前蹲
barbell close-grip bench press,杠铃窄握卧推
barbell curl,杠铃弯举
barbell deadlift,杠铃硬拉
barbell decline bench press,杠铃下斜卧推
barbell decline bent arm pullover,杠铃下斜屈臂上拉
barbell decline close grip to skull press,杠铃下斜窄握碎颅推
barbell decline pullover,杠铃下斜上拉
barbell decline wide-grip press,杠铃下斜宽握推
barbell decline wide-grip pullover,杠铃下斜宽握上拉
barbell drag curl,杠铃拖曳弯举
barbell floor calf raise,杠铃地板提踵
barbell front chest squat,杠铃前胸深蹲
barbell front raise,杠铃前平举
barbell front raise and pullover,杠铃前平举上拉
barbell front squat,杠铃前蹲
barbell full squat,杠铃全程深蹲
barbell full squat (back pov),杠铃全程深蹲（背面）
barbell full squat (side pov),杠铃全程深蹲（侧面）
barbell full zercher squat,杠铃全程泽彻深蹲
barbell glute bridge,杠铃臀桥
barbell glute bridge two legs on bench (male),杠铃凳上双腿臀桥（男）
barbell good morning,杠铃早安式
barbell guillotine bench press,杠铃断头台卧推
barbell hack squat,杠铃哈克深蹲
barbell high bar squat,杠铃高杠深蹲
barbell incline bench press,杠铃上斜卧推
barbell incline close grip bench press,杠铃上斜窄握卧推
barbell incline reverse-grip press,杠铃上斜反握推
barbell incline row,杠铃上斜划船
barbell incline shoulder raise,杠铃上斜肩推举
barbell jefferson squat,杠铃杰弗逊深蹲
barbell jm bench press,杠铃JM卧推
barbell jump squat,杠铃跳蹲
cable lateral raise,龙门架侧平举
barbell lateral lunge,杠铃箭步蹲（侧）
barbell low bar squat,杠铃低杠深蹲
barbell lunge,杠铃箭步蹲
barbell lying back of the head tricep extension,杠铃仰卧过头三头肌伸展
barbell lying close-grip press,杠铃仰卧窄握推
barbell lying close-grip triceps extension,杠铃仰卧窄握三头肌伸展
barbell lying extension,杠铃仰卧伸展
barbell lying lifting (on hip),杠铃仰卧髋部发力
barbell lying preacher curl,杠铃仰卧牧师椅弯举
barbell lying triceps extension,杠铃仰卧三头肌伸展
barbell lying triceps extension skull crusher,杠铃仰卧碎颅推
decline sit-up,下斜仰卧起坐
barbell narrow stance squat,杠铃窄距深蹲
barbell one arm bent over row,杠铃单臂俯身划船
barbell one arm floor press,杠铃单臂地板推
barbell one arm side deadlift,杠铃单臂侧硬拉
barbell one arm snatch,杠铃单臂抓举
barbell one leg squat,杠铃单腿深蹲
barbell overhead squat,杠铃过头深蹲
barbell palms down wrist curl over a bench,杠铃凳上反握腕弯举
barbell palms up wrist curl over a bench,杠铃凳上正握腕弯举
barbell pendlay row,杠铃潘德雷划船
barbell pin presses,杠铃停推
barbell preacher curl,杠铃牧师椅弯举
barbell press sit-up,杠铃推起仰卧起坐
barbell prone incline curl,杠铃俯卧上斜弯举
barbell pullover,杠铃上拉
barbell pullover to press,杠铃上拉转推
barbell rack pull,杠铃架上拉
barbell rear delt raise,杠铃后束平举
barbell rear delt row,杠铃后束划船
barbell rear lunge,杠铃后箭步蹲
barbell rear lunge v. 2,杠铃后箭步蹲（2版）
barbell revers wrist curl v. 2,杠铃反向腕弯举（2版）
barbell side bent v. 2,杠铃侧屈（2版）
barbell reverse close-grip bench press,杠铃反向窄握卧推
barbell reverse curl,杠铃反向弯举
barbell reverse grip bent over row,杠铃反握俯身划船
barbell reverse grip decline bench press,杠铃反握下斜卧推
barbell reverse grip incline bench press,杠铃反握上斜卧推
barbell reverse grip incline bench row,杠铃反握上斜划船
barbell reverse grip skullcrusher,杠铃反握碎颅推
barbell reverse preacher curl,杠铃反向牧师椅弯举
barbell reverse wrist curl,杠铃反向腕弯举
barbell rollerout,杠铃健腹轮
barbell rollerout from bench,杠铃凳上健腹轮
barbell romanian deadlift,杠铃罗马尼亚硬拉
barbell seated behind head military press,杠铃坐姿颈后推举
barbell seated bradford rocky press,杠铃坐姿布拉德福推举
barbell seated calf raise,杠铃坐姿提踵
barbell seated close grip behind neck triceps extension,杠铃坐姿窄握颈后三头肌伸展
barbell seated close-grip concentration curl,杠铃坐姿窄握集中弯举
barbell seated good morning,杠铃坐姿早安式
barbell seated overhead press,杠铃坐姿过头推举
barbell seated overhead triceps extension,杠铃坐姿过头三头肌伸展
barbell seated twist,杠铃坐姿转体
barbell shrug,杠铃耸肩
barbell side split squat,杠铃侧分腿蹲
barbell side split squat v. 2,杠铃侧分腿蹲（2版）
barbell single leg deadlift,杠铃单腿硬拉
barbell single leg split squat,杠铃单腿分腿蹲
barbell sitted alternate leg raise,杠铃坐姿交替抬腿
barbell sitted alternate leg raise (female),杠铃坐姿交替抬腿（女）
barbell skier,杠铃滑雪式
barbell speed squat,杠铃快速深蹲
barbell split squat v. 2,杠铃分腿蹲（2版）
barbell squat (on knees),杠铃跪姿深蹲
barbell squat jump step rear lunge,杠铃深蹲跳接后箭步蹲
barbell standing ab rollerout,杠铃站姿健腹轮
barbell standing back wrist curl,杠铃站姿反向腕弯举
barbell standing bradford press,杠铃站姿布拉德福推举
barbell standing calf raise,杠铃站姿提踵
barbell standing close grip curl,杠铃站姿窄握弯举
barbell standing close grip military press,杠铃站姿窄握推举
barbell standing concentration curl,杠铃站姿集中弯举
barbell standing front raise over head,杠铃站姿过头前平举
barbell standing leg calf raise,杠铃站姿小腿提踵
barbell standing overhead triceps extension,杠铃站姿过头三头肌伸展
barbell standing reverse grip curl,杠铃站姿反握弯举
barbell standing rocking leg calf raise,杠铃站姿摇摆提踵
barbell standing twist,杠铃站姿转体
barbell standing wide grip biceps curl,杠铃站姿宽握二头弯举
barbell standing wide military press,杠铃站姿宽握推举
barbell standing wide-grip curl,杠铃站姿宽握弯举
barbell step-up,杠铃台阶上步
barbell stiff leg good morning,杠铃直腿早安式
barbell straight leg deadlift,杠铃直腿硬拉
barbell sumo deadlift,杠铃相扑硬拉
barbell thruster,杠铃前蹲推
barbell upright row,杠铃直立划船
barbell upright row v. 2,杠铃直立划船（2版）
barbell upright row v. 3,杠铃直立划船（3版）
barbell wide bench press,杠铃宽握卧推
barbell wide reverse grip bench press,杠铃宽反握卧推
barbell wide squat,杠铃宽距深蹲
barbell wide-grip upright row,杠铃宽握直立划船
barbell wrist curl,杠铃腕弯举
barbell wrist curl v. 2,杠铃腕弯举（2版）
barbell zercher squat,杠铃泽彻深蹲
basic toe touch (male),基础触趾（男）
battling ropes,战绳
bear crawl,熊爬
behind head chest stretch,颈后胸部拉伸
bench dip (knees bent),凳上屈腿臂屈伸
bench dip on floor,地板凳上臂屈伸
bench hip extension,凳上髋伸展
bench pull-ups,凳上引体向上
bent knee lying twist (male),屈腿仰卧转体（男）
biceps leg concentration curl,单腿支撑二头弯举
biceps narrow pull-ups,窄握引体向上（二头）
biceps pull-up,二头引体向上
body-up,自重挺身
bodyweight drop jump squat,自重跳蹲
bodyweight incline side plank,自重上斜侧平板
bodyweight kneeling triceps extension,自重跪姿三头肌伸展
bodyweight squatting row,自重深蹲划船
bodyweight squatting row (with towel),自重深蹲划船（毛巾）
bodyweight standing calf raise,自重站姿提踵
bodyweight standing close-grip one arm row,自重站姿窄握单臂划船
bodyweight standing close-grip row,自重站姿窄握划船
bodyweight standing one arm row,自重站姿单臂划船
bodyweight standing one arm row (with towel),自重站姿单臂划船（毛巾）
bodyweight standing row,自重站姿划船
bodyweight standing row (with towel),自重站姿划船（毛巾）
bottoms-up,倒立支撑
box jump down with one leg stabilization,跳箱单腿稳定落地
deep push up,深度俯卧撑
bridge - mountain climber (cross body),臀桥接交叉登山跑
burpee,波比跳
butt-ups,臀上抬
butterfly yoga pose,蝴蝶式瑜伽
cable alternate shoulder press,龙门架交替肩推
cable alternate triceps extension,龙门架交替三头肌伸展
cable assisted inverse leg curl,龙门架辅助反向腿弯举
cable bar lateral pulldown,龙门架直杆侧下拉
cable bench press,龙门架卧推
cable close grip curl,龙门架窄握弯举
cable lateral pulldown with v-bar,龙门架V把侧下拉
cable concentration curl,龙门架集中弯举
cable concentration extension (on knee),龙门架跪姿集中伸展
cable cross-over lateral pulldown,龙门架交叉侧下拉
cable cross-over revers fly,龙门架交叉反向飞鸟
cable cross-over variation,龙门架交叉变式
cable curl,龙门架弯举
cable deadlift,龙门架硬拉
cable decline fly,龙门架下斜飞鸟
cable decline one arm press,龙门架下斜单臂推
cable decline press,龙门架下斜推
cable decline seated wide-grip row,龙门架下斜坐姿宽握划船
cable drag curl,龙门架拖曳弯举
cable floor seated wide-grip row,龙门架地板坐姿宽握划船
cable forward raise,龙门架前平举
cable front raise,龙门架前平举
cable front shoulder raise,龙门架肩前平举
cable hammer curl (with rope),龙门架绳索锤式弯举
cable high pulley overhead tricep extension,龙门架高位过头三头肌伸展
cable high row (kneeling),龙门架跪姿高位划船
cable hip adduction,龙门架髋内收
cable incline bench press,龙门架上斜卧推
cable incline bench row,龙门架上斜划船
cable incline fly,龙门架上斜飞鸟
cable incline fly (on stability ball),瑜伽球上斜飞鸟（龙门架）
cable incline pushdown,龙门架上斜下压
cable incline triceps extension,龙门架上斜三头肌伸展
cable judo flip,龙门架柔道翻
cable kickback,龙门架后踢腿
cable kneeling crunch,龙门架跪姿卷腹
cable kneeling rear delt row (with rope) (male),龙门架跪姿绳索后束划船（男）
cable kneeling triceps extension,龙门架跪姿三头肌伸展
cable lat pulldown full range of motion,龙门架全程高位下拉
cable lateral pulldown (with rope attachment),龙门架绳索侧下拉
cable low fly,龙门架低位飞鸟
cable low seated row,龙门架低位坐姿划船
cable lying bicep curl,龙门架仰卧二头弯举
cable lying close-grip curl,龙门架仰卧窄握弯举
cable lying extension pullover (with rope attachment),龙门架仰卧绳索伸展上拉
cable lying fly,龙门架仰卧飞鸟
cable lying triceps extension v. 2,龙门架仰卧三头肌伸展（2版）
cable middle fly,龙门架中束飞鸟
cable one arm bent over row,龙门架单臂俯身划船
cable one arm curl,龙门架单臂弯举
cable one arm decline chest fly,龙门架单臂下斜飞鸟
cable one arm fly on exercise ball,瑜伽球单臂飞鸟（龙门架）
cable one arm incline fly on exercise ball,瑜伽球单臂上斜飞鸟（龙门架）
cable one arm incline press,龙门架单臂上斜推
cable one arm incline press on exercise ball,瑜伽球单臂上斜推（龙门架）
cable one arm lateral bent-over,龙门架单臂俯身侧平举
cable one arm lateral raise,龙门架单臂侧平举
cable one arm preacher curl,龙门架单臂牧师椅弯举
cable one arm press on exercise ball,瑜伽球单臂推（龙门架）
cable one arm pulldown,龙门架单臂下拉
cable one arm reverse preacher curl,龙门架单臂反向牧师椅弯举
cable one arm straight back high row (kneeling),龙门架跪姿单臂直背高位划船
cable one arm tricep pushdown,龙门架单臂三头肌下压
cable overhead curl,龙门架过头弯举
cable overhead curl on exercise ball,瑜伽球过头弯举（龙门架）
cable overhead triceps extension (rope attachment),龙门架绳索过头三头肌伸展
cable palm rotational row,龙门架掌心旋转划船
cable preacher curl,龙门架牧师椅弯举
cable press on exercise ball,瑜伽球推（龙门架）
cable pull through (with rope),龙门架绳索后拉
cable pulldown,龙门架下拉
cable pulldown (pro lat bar),龙门架专业握把下拉
cable pulldown bicep curl,龙门架下拉弯举
cable pushdown,龙门架下压
cable pushdown (straight arm) v. 2,龙门架直臂下压（2版）
cable pushdown (with rope attachment),龙门架绳索下压
cable rear delt row (stirrups),龙门架后束划船（握把）
cable rear delt row (with rope),龙门架绳索后束划船
cable rear drive,龙门架后推
cable rear pulldown,龙门架后下拉
cable reverse crunch,龙门架反向卷腹
cable reverse curl,龙门架反向弯举
cable reverse grip triceps pushdown (sz-bar) (with arm blaster),龙门架反握曲杆三头下压（带护臂）
cable reverse one arm curl,龙门架反向单臂弯举
cable reverse preacher curl,龙门架反向牧师椅弯举
cable reverse wrist curl,龙门架反向腕弯举
cable reverse-grip pushdown,龙门架反握下压
cable reverse-grip straight back seated high row,龙门架反握直背坐姿高位划船
cable rope crossover seated row,龙门架绳索交叉坐姿划船
cable rope elevated seated row,龙门架绳索高位坐姿划船
cable rope extension incline bench row,龙门架绳索伸展上斜划船
cable rope hammer preacher curl,龙门架绳索锤式牧师弯举
cable rope high pulley overhead tricep extension,龙门架绳索高位过头三头肌伸展
cable rope incline tricep extension,龙门架绳索上斜三头肌伸展
cable seated rear lateral raise,龙门架坐姿后束平举
cable rope lying on floor tricep extension,龙门架绳索地板仰卧三头肌伸展
cable rope one arm hammer preacher curl,龙门架绳索单臂锤式牧师弯举
cable rope seated row,龙门架绳索坐姿划船
cable russian twists (on stability ball),瑜伽球俄罗斯转体（龙门架）
cable seated chest press,龙门架坐姿推胸
cable seated crunch,龙门架坐姿卷腹
cable seated curl,龙门架坐姿弯举
cable seated high row (v-bar),龙门架坐姿高位划船（V把）
cable seated one arm alternate row,龙门架坐姿单臂交替划船
cable seated one arm concentration curl,龙门架坐姿单臂集中弯举
cable seated overhead curl,龙门架坐姿过头弯举
cable seated row,龙门架坐姿划船
cable seated shoulder internal rotation,龙门架坐姿肩内旋
cable seated twist,龙门架坐姿转体
cable seated wide-grip row,龙门架坐姿宽握划船
cable shoulder press,龙门架肩推
cable shrug,龙门架耸肩
cable side bend,龙门架侧屈
cable side bend crunch (bosu ball),波速球侧屈卷腹（龙门架）
cable side crunch,龙门架侧卷腹
cable squat row (with rope attachment),龙门架绳索深蹲划船
cable squatting curl,龙门架深蹲弯举
chest dip,双杠臂屈伸
cable standing back wrist curl,龙门架站姿反向腕弯举
cable standing calf raise,龙门架站姿提踵
cable standing cross-over high reverse fly,龙门架站姿交叉高位反向飞鸟
cable standing crunch,龙门架站姿卷腹
cable standing crunch (with rope attachment),龙门架绳索站姿卷腹
cable standing fly,龙门架站姿飞鸟
cable standing hip extension,龙门架站姿髋伸展
cable standing inner curl,龙门架站姿内侧弯举
cable standing lift,龙门架站姿提拉
cable standing one arm triceps extension,龙门架站姿单臂三头肌伸展
cable standing one leg calf raise,龙门架站姿单腿提踵
cable standing pulldown (with rope),龙门架绳索站姿下拉
cable standing rear delt row (with rope),龙门架绳索站姿后束划船
cable standing reverse grip one arm overhead tricep extension,龙门架站姿反握单臂过头三头肌伸展
cable standing row (v-bar),龙门架站姿划船（V把）
cable standing shoulder external rotation,龙门架站姿肩外旋
cable standing twist row (v-bar),龙门架站姿转体划船（V把）
cable standing up straight crossovers,龙门架站姿直臂交叉
cable straight arm pulldown,龙门架直臂下拉
cable straight arm pulldown (with rope),龙门架绳索直臂下拉
cable straight back seated row,龙门架直背坐姿划船
cable supine reverse fly,龙门架仰卧反向飞鸟
cable thibaudeau kayak row,龙门架蒂博式皮划艇划船
cable triceps pushdown (v-bar),龙门架V把三头下压
cable triceps pushdown (v-bar) (with arm blaster),龙门架V把三头下压（带护臂）
cable tuck reverse crunch,龙门架收腹反向卷腹
cable twist,龙门架转体
cable twist (up-down),龙门架上下转体
cable twisting pull,龙门架转体后拉
cable two arm curl on incline bench,龙门架上斜凳双臂弯举
cable two arm tricep kickback,龙门架双臂三头后伸
cable underhand pulldown,龙门架反手下拉
cocoons,卷腹收缩
cable upper chest crossovers,龙门架上胸交叉
cable upper row,龙门架上划船
cable upright row,龙门架直立划船
cable wide grip rear pulldown behind neck,龙门架宽握颈后下拉
cable wrist curl,龙门架腕弯举
calf push stretch with hands against wall,靠墙推墙小腿拉伸
calf stretch with hands against wall,靠墙小腿拉伸
calf stretch with rope,绳索小腿拉伸
cambered bar lying row,曲杠仰卧划船
captains chair straight leg raise,牧师椅直腿举腿
chair leg extended stretch,椅子伸腿拉伸
chest and front of shoulder stretch,胸部与肩前侧拉伸
chest dip (on dip-pull-up cage),双杠架臂屈伸
chest dip on straight bar,直杠双杠臂屈伸
chest stretch with exercise ball,瑜伽球胸部拉伸
chest tap push-up (male),击掌俯卧撑（男）
chin-up,正握引体向上
chin-ups (narrow parallel grip),窄平行握引体向上
circles knee stretch,膝盖环绕拉伸
clap push up,击掌俯卧撑
clock push-up,时钟俯卧撑
close grip chin-up,窄握正握引体向上
close-grip push-up,窄握俯卧撑
close-grip push-up (on knees),跪姿窄握俯卧撑
crab twist toe touch,螃蟹式转体触趾
cross body crunch,交叉卷腹
crunch (hands overhead),举臂卷腹
crunch (on stability ball),瑜伽球卷腹
"crunch (on stability ball, arms straight)",瑜伽球直臂卷腹
crunch floor,地板卷腹
curl-up,卷腹起身
curtsey squat,屈膝礼深蹲
cycle cross trainer,椭圆机
dead bug,死虫式
decline crunch,下斜卷腹
decline push-up,下斜俯卧撑
diamond push-up,钻石俯卧撑
donkey calf raise,站姿提踵（驴式）
drop push up,下落俯卧撑
dumbbell alternate biceps curl,哑铃交替二头弯举
dumbbell alternate biceps curl (with arm blaster),哑铃交替二头弯举（带护臂）
dumbbell alternate hammer preacher curl,哑铃交替锤式牧师弯举
dumbbell alternate preacher curl,哑铃交替牧师弯举
dumbbell alternate seated hammer curl,哑铃交替坐姿锤式弯举
dumbbell alternate side press,哑铃交替侧推
dumbbell alternating bicep curl with leg raised on exercise ball,瑜伽球抬腿交替二头弯举
dumbbell alternating seated bicep curl on exercise ball,瑜伽球坐姿交替二头弯举
dumbbell arnold press,哑铃阿诺德推举
dumbbell arnold press v. 2,哑铃阿诺德推举（2版）
dumbbell around pullover,哑铃环绕上拉
dumbbell bench press,哑铃卧推
dumbbell bench seated press,哑铃坐姿卧推
dumbbell bench squat,哑铃凳上深蹲
dumbbell bent over row,哑铃俯身划船
dumbbell bicep curl lunge with bowling motion,哑铃保龄球式弯举箭步蹲
dumbbell bicep curl on exercise ball with leg raised,瑜伽球抬腿哑铃弯举
dumbbell bicep curl with stork stance,哑铃单腿支撑弯举
dumbbell biceps curl,哑铃二头弯举
dumbbell biceps curl (with arm blaster),哑铃二头弯举（带护臂）
dumbbell biceps curl reverse,哑铃反向二头弯举
dumbbell biceps curl squat,哑铃二头弯举深蹲
dumbbell biceps curl v sit on bosu ball,波速球V字坐姿哑铃弯举
dumbbell burpee,哑铃波比跳
dumbbell clean,哑铃翻举
dumbbell close grip press,哑铃窄握推
dumbbell close-grip press,哑铃窄握推
dumbbell concentration curl,哑铃集中弯举
dumbbell contralateral forward lunge,哑铃对侧前箭步蹲
dumbbell cross body hammer curl,哑铃交叉锤式弯举
dumbbell cross body hammer curl v. 2,哑铃交叉锤式弯举（2版）
dumbbell cuban press,哑铃古巴推举
dumbbell cuban press v. 2,哑铃古巴推举（2版）
dumbbell deadlift,哑铃硬拉
dumbbell decline bench press,哑铃下斜卧推
dumbbell decline fly,哑铃下斜飞鸟
dumbbell decline hammer press,哑铃下斜锤式推
dumbbell decline one arm fly,哑铃下斜单臂飞鸟
dumbbell decline one arm hammer press,哑铃下斜单臂锤式推
dumbbell decline shrug,哑铃下斜耸肩
dumbbell decline shrug v. 2,哑铃下斜耸肩（2版）
dumbbell decline triceps extension,哑铃下斜三头肌伸展
dumbbell decline twist fly,哑铃下斜转体飞鸟
dumbbell finger curls,哑铃手指弯举
dumbbell fly,哑铃飞鸟
dumbbell fly on exercise ball,瑜伽球哑铃飞鸟
dumbbell forward lunge triceps extension,哑铃前箭步蹲三头肌伸展
dumbbell front raise,哑铃前平举
dumbbell front raise v. 2,哑铃前平举（2版）
dumbbell full can lateral raise,哑铃全罐侧平举
dumbbell goblet squat,哑铃高脚杯深蹲
dumbbell hammer curl,哑铃锤式弯举
dumbbell one arm reverse spider curl,哑铃单臂反向蜘蛛弯举
dumbbell hammer curl on exercise ball,瑜伽球哑铃锤式弯举
dumbbell hammer curl v. 2,哑铃锤式弯举（2版）
dumbbell hammer curls (with arm blaster),哑铃锤式弯举（带护臂）
dumbbell high curl,哑铃高位弯举
dumbbell incline alternate press,哑铃上斜交替推
dumbbell incline bench press,哑铃上斜卧推
dumbbell incline biceps curl,哑铃上斜二头弯举
dumbbell incline breeding,哑铃上斜展臂
dumbbell incline curl,哑铃上斜弯举
dumbbell incline curl v. 2,哑铃上斜弯举（2版）
dumbbell incline one arm press,哑铃上斜单臂推
dumbbell incline fly,哑铃上斜飞鸟
dumbbell incline fly on exercise ball,瑜伽球上斜哑铃飞鸟
dumbbell incline hammer curl,哑铃上斜锤式弯举
dumbbell incline hammer press,哑铃上斜锤式推
dumbbell incline hammer press on exercise ball,瑜伽球上斜锤式推
dumbbell incline inner biceps curl,哑铃上斜内侧二头弯举
dumbbell incline one arm fly,哑铃上斜单臂飞鸟
dumbbell incline one arm fly on exercise ball,瑜伽球上斜单臂飞鸟
dumbbell incline one arm hammer press,哑铃上斜单臂锤式推
dumbbell incline one arm hammer press on exercise ball,瑜伽球上斜单臂锤式推
dumbbell incline one arm lateral raise,哑铃上斜单臂侧平举
dumbbell incline one arm press on exercise ball,瑜伽球上斜单臂推
dumbbell incline palm-in press,哑铃上斜对握推
dumbbell incline press on exercise ball,瑜伽球上斜推
dumbbell incline raise,哑铃上斜平举
dumbbell incline rear lateral raise,哑铃上斜后束平举
dumbbell incline row,哑铃上斜划船
dumbbell incline shoulder raise,哑铃上斜肩推举
dumbbell incline shrug,哑铃上斜耸肩
dumbbell incline t-raise,哑铃上斜T字飞鸟
dumbbell incline triceps extension,哑铃上斜三头肌伸展
dumbbell incline twisted flyes,哑铃上斜扭转飞鸟
dumbbell incline two arm extension,哑铃上斜双臂伸展
dumbbell incline y-raise,哑铃上斜Y字飞鸟
dumbbell iron cross,哑铃铁十字
dumbbell kickback,哑铃三头后伸
dumbbell kickbacks on exercise ball,瑜伽球哑铃三头后伸
dumbbell kneeling bicep curl exercise ball,瑜伽球跪姿哑铃弯举
dumbbell lateral raise,哑铃侧平举
dumbbell lateral to front raise,哑铃侧转前平举
dumbbell lunge,哑铃箭步蹲
dumbbell lunge with bicep curl,哑铃弯举箭步蹲
dumbbell lying extension (across face),哑铃仰卧过头伸展
dumbbell lying alternate extension,哑铃仰卧交替伸展
dumbbell lying elbow press,哑铃仰卧肘推
dumbbell lying external shoulder rotation,哑铃仰卧肩外旋
dumbbell lying femoral,哑铃仰卧股部训练
dumbbell lying hammer press,哑铃仰卧锤式推
dumbbell lying on floor rear delt raise,哑铃仰卧地板后束平举
dumbbell lying one arm deltoid rear,哑铃仰卧单臂后束训练
dumbbell lying one arm press,哑铃仰卧单臂推
dumbbell lying one arm press v. 2,哑铃仰卧单臂推（2版）
dumbbell lying one arm pronated triceps extension,哑铃仰卧单臂反握三头肌伸展
dumbbell lying one arm rear lateral raise,哑铃仰卧单臂后束平举
dumbbell lying one arm supinated triceps extension,哑铃仰卧单臂正握三头肌伸展
dumbbell lying pronation,哑铃仰卧旋前
dumbbell lying pronation on floor,哑铃仰卧地板旋前
dumbbell lying pullover on exercise ball,瑜伽球哑铃仰卧上拉
dumbbell lying rear delt row,哑铃仰卧后束划船
dumbbell lying rear lateral raise,哑铃仰卧后束平举
dumbbell lying single extension,哑铃仰卧单臂伸展
dumbbell lying supination,哑铃仰卧旋后
dumbbell lying supination on floor,哑铃仰卧地板旋后
dumbbell lying supine biceps curl,哑铃仰卧二头弯举
dumbbell lying supine curl,哑铃仰卧弯举
dumbbell lying triceps extension,哑铃仰卧三头肌伸展
dumbbell lying wide curl,哑铃仰卧宽握弯举
dumbbell neutral grip bench press,哑铃对握卧推
dumbbell one arm bench fly,哑铃单臂凳上飞鸟
dumbbell one arm bent-over row,哑铃单臂俯身划船
dumbbell one arm chest fly on exercise ball,瑜伽球单臂哑铃飞鸟
dumbbell one arm concentration curl (on stability ball),瑜伽球单臂集中弯举
dumbbell one arm decline chest press,哑铃单臂下斜推胸
dumbbell one arm fly on exercise ball,瑜伽球单臂飞鸟
dumbbell one arm french press on exercise ball,瑜伽球单臂法式推举
dumbbell one arm hammer preacher curl,哑铃单臂锤式牧师弯举
dumbbell one arm hammer press on exercise ball,瑜伽球单臂锤式推
dumbbell one arm incline chest press,哑铃单臂上斜推胸
dumbbell one arm kickback,哑铃单臂三头后伸
dumbbell one arm lateral raise,哑铃单臂侧平举
dumbbell one arm lateral raise with support,哑铃单臂支撑侧平举
dumbbell one arm press on exercise ball,瑜伽球单臂推
dumbbell one arm prone curl,哑铃单臂俯卧弯举
dumbbell one arm prone hammer curl,哑铃单臂俯卧锤式弯举
dumbbell one arm pullover on exercise ball,瑜伽球单臂上拉
dumbbell one arm reverse wrist curl,哑铃单臂反向腕弯举
dumbbell one arm reverse fly (with support),哑铃单臂支撑反向飞鸟
dumbbell one arm reverse grip press,哑铃单臂反握推
dumbbell one arm reverse preacher curl,哑铃单臂反向牧师弯举
lever gripper hands,握力器训练
dumbbell one arm seated bicep curl on exercise ball,瑜伽球坐姿单臂哑铃弯举
dumbbell one arm seated hammer curl,哑铃坐姿单臂锤式弯举
dumbbell one arm seated neutral wrist curl,哑铃坐姿单臂对握腕弯举
dumbbell one arm shoulder press,哑铃单臂肩推
dumbbell one arm shoulder press v. 2,哑铃单臂肩推（2版）
dumbbell one arm snatch,哑铃单臂抓举
dumbbell one arm standing curl,哑铃单臂站姿弯举
dumbbell one arm standing hammer curl,哑铃单臂站姿锤式弯举
dumbbell one arm triceps extension (on bench),哑铃凳上单臂三头肌伸展
dumbbell one arm upright row,哑铃单臂直立划船
dumbbell one arm wrist curl,哑铃单臂腕弯举
dumbbell one arm zottman preacher curl,哑铃单臂佐特曼牧师弯举
dumbbell one leg fly on exercise ball,瑜伽球单腿飞鸟
dumbbell over bench neutral wrist curl,哑铃凳上对握腕弯举
dumbbell over bench one arm neutral wrist curl,哑铃凳上单臂对握腕弯举
dumbbell over bench one arm reverse wrist curl,哑铃凳上单臂反向腕弯举
dumbbell over bench one arm wrist curl,哑铃凳上单臂腕弯举
dumbbell over bench revers wrist curl,哑铃凳上反向腕弯举
dumbbell over bench wrist curl,哑铃凳上腕弯举
dumbbell palm rotational bent over row,哑铃掌心旋转俯身划船
dumbbell palms in incline bench press,哑铃对握上斜卧推
dumbbell peacher hammer curl,哑铃锤式牧师弯举
dumbbell plyo squat,哑铃增强式深蹲
dumbbell preacher curl,哑铃牧师弯举
dumbbell preacher curl over exercise ball,瑜伽球哑铃牧师弯举
dumbbell press on exercise ball,瑜伽球哑铃推
dumbbell pronate-grip triceps extension,哑铃反握三头肌伸展
dumbbell prone incline curl,哑铃俯卧上斜弯举
dumbbell prone incline hammer curl,哑铃俯卧上斜锤式弯举
dumbbell pullover,哑铃上拉
dumbbell pullover hip extension on exercise ball,瑜伽球哑铃上拉髋伸展
dumbbell pullover on exercise ball,瑜伽球哑铃上拉
dumbbell push press,哑铃借力推
dumbbell raise,哑铃平举
dumbbell rear delt raise,哑铃后束平举
dumbbell rear delt row_shoulder,哑铃后束划船
dumbbell rear fly,哑铃反向飞鸟
dumbbell rear lateral raise,哑铃后束平举
dumbbell rear lateral raise (support head),哑铃头支撑后束平举
dumbbell rear lunge,哑铃后箭步蹲
dumbbell revers grip biceps curl,哑铃反握二头弯举
dumbbell reverse bench press,哑铃反向卧推
dumbbell reverse fly,哑铃反向飞鸟
dumbbell reverse grip incline bench one arm row,哑铃反握上斜单臂划船
dumbbell reverse grip incline bench two arm row,哑铃反握上斜双臂划船
dumbbell reverse grip row (female),哑铃反握划船（女）
dumbbell reverse preacher curl,哑铃反向牧师弯举
dumbbell reverse spider curl,哑铃反向蜘蛛弯举
dumbbell reverse wrist curl,哑铃反向腕弯举
dumbbell romanian deadlift,哑铃罗马尼亚硬拉
dumbbell rotation reverse fly,哑铃旋转反向飞鸟
dumbbell scott press,哑铃斯科特推举
dumbbell seated alternate front raise,哑铃坐姿交替前平举
dumbbell seated alternate hammer curl on exercise ball,瑜伽球坐姿交替锤式弯举
dumbbell seated alternate press,哑铃坐姿交替推
dumbbell seated alternate shoulder,哑铃坐姿交替肩训练
dumbbell seated bench extension,哑铃坐姿凳上伸展
dumbbell seated bent arm lateral raise,哑铃坐姿屈臂侧平举
dumbbell seated bent over alternate kickback,哑铃坐姿俯身交替三头后伸
dumbbell seated bent over triceps extension,哑铃坐姿俯身三头肌伸展
dumbbell seated bicep curl,哑铃坐姿二头弯举
dumbbell seated biceps curl (on stability ball),瑜伽球坐姿哑铃弯举
dumbbell seated biceps curl to shoulder press,哑铃坐姿弯举转肩推
dumbbell seated calf raise,哑铃坐姿提踵
dumbbell seated curl,哑铃坐姿弯举
dumbbell seated front raise,哑铃坐姿前平举
dumbbell seated hammer curl,哑铃坐姿锤式弯举
dumbbell seated inner biceps curl,哑铃坐姿内侧二头弯举
dumbbell seated kickback,哑铃坐姿三头后伸
dumbbell seated lateral raise,哑铃坐姿侧平举
dumbbell seated lateral raise v. 2,哑铃坐姿侧平举（2版）
dumbbell seated neutral wrist curl,哑铃坐姿对握腕弯举
dumbbell seated one arm bicep curl on exercise ball with leg raised,瑜伽球抬腿坐姿单臂弯举
dumbbell seated one arm kickback,哑铃坐姿单臂三头后伸
dumbbell seated one arm rotate,哑铃坐姿单臂旋转
dumbbell seated one leg calf raise,哑铃坐姿单腿提踵
dumbbell seated one leg calf raise - hammer grip,哑铃坐姿单腿提踵（锤握）
dumbbell seated one leg calf raise - palm up,哑铃坐姿单腿提踵（正握）
dumbbell seated palms up wrist curl,哑铃坐姿正握腕弯举
dumbbell seated preacher curl,哑铃坐姿牧师弯举
dumbbell seated revers grip concentration curl,哑铃坐姿反握集中弯举
dumbbell seated reverse grip one arm overhead tricep extension,哑铃坐姿反握单臂过头三头肌伸展
dumbbell seated shoulder press,哑铃坐姿肩推
dumbbell seated shoulder press (parallel grip),哑铃坐姿对握肩推
dumbbell seated triceps extension,哑铃坐姿三头肌伸展
dumbbell shrug,哑铃耸肩
dumbbell side bend,哑铃侧屈
dumbbell side lying one hand raise,哑铃侧卧单臂平举
dumbbell side plank with rear fly,哑铃侧平板反向飞鸟
dumbbell single arm overhead carry,哑铃单臂过头搬运
dumbbell single leg calf raise,哑铃单腿提踵
dumbbell single leg deadlift,哑铃单腿硬拉
dumbbell single leg deadlift with stepbox support,哑铃单腿硬拉（踏板支撑）
dumbbell single leg split squat,哑铃单腿分腿蹲
dumbbell single leg squat,哑铃单腿深蹲
dumbbell squat,哑铃深蹲
dumbbell standing alternate hammer curl and press,哑铃站姿交替锤弯举推
dumbbell standing alternate overhead press,哑铃站姿交替过头推举
dumbbell standing alternate raise,哑铃站姿交替平举
dumbbell standing alternating tricep kickback,哑铃站姿交替三头后伸
dumbbell standing around world,哑铃站姿环绕
dumbbell standing bent over one arm triceps extension,哑铃站姿俯身单臂三头肌伸展
dumbbell standing bent over two arm triceps extension,哑铃站姿俯身双臂三头肌伸展
dumbbell standing biceps curl,哑铃站姿二头弯举
dumbbell standing calf raise,哑铃站姿提踵
dumbbell standing concentration curl,哑铃站姿集中弯举
dumbbell standing front raise above head,哑铃站姿过头前平举
dumbbell standing inner biceps curl v. 2,哑铃站姿内侧二头弯举（2版）
dumbbell standing kickback,哑铃站姿三头后伸
dumbbell standing one arm concentration curl,哑铃站姿单臂集中弯举
dumbbell standing one arm curl (over incline bench),哑铃站姿单臂弯举（上斜凳）
dumbbell standing one arm curl over incline bench,哑铃站姿上斜凳单臂弯举
dumbbell standing one arm extension,哑铃站姿单臂伸展
dumbbell standing one arm palm in press,哑铃站姿单臂对握推
dumbbell standing one arm reverse curl,哑铃站姿单臂反向弯举
dumbbell standing overhead press,哑铃站姿过头推举
dumbbell standing palms in press,哑铃站姿对握推
dumbbell standing preacher curl,哑铃站姿牧师弯举
dumbbell standing reverse curl,哑铃站姿反向弯举
dumbbell standing triceps extension,哑铃站姿三头肌伸展
dumbbell standing zottman preacher curl,哑铃站姿佐特曼牧师弯举
dumbbell step up single leg balance with bicep curl,哑铃单腿平衡台阶弯举
dumbbell step-up,哑铃台阶上步
dumbbell step-up lunge,哑铃台阶箭步蹲
dumbbell step-up split squat,哑铃台阶分腿蹲
dumbbell stiff leg deadlift,哑铃直腿硬拉
dumbbell straight arm pullover,哑铃直臂上拉
dumbbell straight leg deadlift,哑铃直腿硬拉
dumbbell sumo pull through,哑铃相扑后拉
dumbbell supported squat,哑铃支撑深蹲
dumbbell tate press,哑铃泰特推举
dumbbell tricep kickback with stork stance,哑铃单腿支撑三头后伸
dumbbell twisting bench press,哑铃扭转卧推
dumbbell upright row,哑铃直立划船
ez bar french press on exercise ball,瑜伽球曲杠法式推举
dumbbell upright row (back pov),哑铃直立划船（背面）
dumbbell upright shoulder external rotation,哑铃直立肩外旋
dumbbell waiter biceps curl,哑铃侍者弯举
dumbbell w-press,哑铃W字推
dumbbell zottman curl,哑铃佐特曼弯举
dumbbell zottman preacher curl,哑铃佐特曼牧师弯举
dumbbells seated triceps extension,哑铃坐姿三头肌伸展
dynamic chest stretch (male),动态胸部拉伸（男）
elbow dips,肘撑臂屈伸
elbow lift - reverse push-up,反式俯卧撑肘上抬
elbow-to-knee,肘触膝
elevator,电梯式训练
exercise ball alternating arm ups,瑜伽球交替举臂
exercise ball back extension with arms extended,瑜伽球直臂背部伸展
exercise ball back extension with hands behind head,瑜伽球抱头背部伸展
exercise ball back extension with knees off ground,瑜伽球抬膝背部伸展
exercise ball back extension with rotation,瑜伽球转体背部伸展
exercise ball dip,瑜伽球臂屈伸
exercise ball hip flexor stretch,瑜伽球髋屈肌拉伸
exercise ball hug,瑜伽球抱球
exercise ball lat stretch,瑜伽球背阔肌拉伸
exercise ball lower back stretch (pyramid),瑜伽球下背拉伸（金字塔）
exercise ball lying side lat stretch,瑜伽球侧卧背阔肌拉伸
exercise ball on the wall calf raise,靠墙瑜伽球提踵
exercise ball on the wall calf raise (tennis ball between ankles),靠墙瑜伽球提踵（踝夹球）
exercise ball on the wall calf raise (tennis ball between knees),靠墙瑜伽球提踵（膝夹球）
exercise ball one leg prone lower body rotation,瑜伽球单腿俯卧转体
exercise ball one legged diagonal kick hamstring curl,瑜伽球单腿斜踢腿弯举
exercise ball pike push up,瑜伽球 Pike 俯卧撑
exercise ball prone leg raise,瑜伽球俯卧抬腿
exercise ball seated hamstring stretch,瑜伽球坐姿腘绳肌拉伸
exercise ball seated triceps stretch,瑜伽球坐姿三头肌拉伸
exercise ball supine triceps extension,瑜伽球仰卧三头肌伸展
ez bar lying bent arms pullover,曲杠仰卧屈臂上拉
ez bar lying close grip triceps extension behind head,曲杠仰卧窄握颈后三头肌伸展
ez bar reverse grip bent over row,曲杠反握俯身划船
ez bar seated close grip concentration curl,曲杠坐姿窄握集中弯举
ez bar standing french press,曲杠站姿法式推举
ez barbell close grip preacher curl,曲杠窄握牧师弯举
ez barbell close-grip curl,曲杠窄握弯举
ez barbell curl,曲杠弯举
ez barbell decline close grip face press,曲杠下斜窄握面部推
ez barbell decline triceps extension,曲杠下斜三头肌伸展
ez barbell incline triceps extension,曲杠上斜三头肌伸展
ez barbell jm bench press,曲杠JM卧推
ez barbell reverse grip curl,曲杠反握弯举
ez barbell reverse grip preacher curl,曲杠反握牧师弯举
ez barbell seated curls,曲杠坐姿弯举
ez barbell seated triceps extension,曲杠坐姿三头肌伸展
ez barbell spider curl,曲杠蜘蛛弯举
ez-bar biceps curl (with arm blaster),曲杠二头弯举（带护臂）
ez-bar close-grip bench press,曲杠窄握卧推
ez-barbell standing wide grip biceps curl,曲杠站姿宽握二头弯举
farmers walk,农夫行走
finger curls,手指弯举
flag,人体旗帜
flexion leg sit up (bent knee),屈腿仰卧起坐
flexion leg sit up (straight arm),直臂仰卧起坐
floor fly (with barbell),地板杠铃飞鸟
flutter kicks,打水踢腿
forward jump,向前跳跃
forward lunge (male),前箭步蹲（男）
frankenstein squat,科学怪人深蹲
frog crunch,青蛙卷腹
frog planche,青蛙支撑
front lever,前水平支撑
front lever reps,前水平支撑重复
front plank with twist,前平板转体
full maltese,全马耳他支撑
full planche,全平面支撑
full planche push-up,全平面支撑俯卧撑
gironda sternum chin,吉龙达胸骨引体向上
glute bridge march,臀桥行进
glute bridge two legs on bench (male),凳上双腿臀桥（男）
glute-ham raise,臀腿挺身
gorilla chin,大猩猩引体向上
groin crunch,腹股沟卷腹
inverse leg curl (bench support),反向腿弯举（凳支撑）
hack calf raise,哈克提踵
hack one leg calf raise,哈克单腿提踵
half knee bends (male),半屈膝（男）
half sit-up (male),半程仰卧起坐（男）
hamstring stretch,腘绳肌拉伸
hands bike,手撑单车
hands clasped circular toe touch (male),抱手圆周触趾（男）
hands reversed clasped circular toe touch (male),反抱手圆周触趾（男）
handstand,倒立
handstand push-up,倒立俯卧撑
hanging leg hip raise,悬挂举腿髋部上抬
hanging leg raise,悬挂举腿
korean dips,韩式双杠臂屈伸
hanging oblique knee raise,悬挂侧腹举腿
hanging pike,悬挂Pike式
hanging straight leg hip raise,悬挂直腿髋上抬
hanging straight leg raise,悬挂直腿举腿
hanging straight twisting leg hip raise,悬挂直腿转体髋上抬
high knee against wall,靠墙高抬腿
hip raise (bent knee),屈腿臀桥
hug keens to chest,抱膝触胸
hyght dumbbell fly,高位哑铃飞鸟
hyperextension,背部挺身
hyperextension (on bench),凳上背部挺身
impossible dips,极限臂屈伸
inchworm,尺蠖式
inchworm v. 2,尺蠖式（2版）
incline close-grip push-up,上斜窄握俯卧撑
incline leg hip raise (leg straight),上斜直腿臀桥
incline push up depth jump,上斜深度跳俯卧撑
incline push-up,上斜俯卧撑
incline push-up (on box),箱上斜俯卧撑
incline reverse grip push-up,上斜反握俯卧撑
incline scapula push up,上斜肩胛俯卧撑
incline twisting sit-up,上斜转体仰卧起坐
intermediate hip flexor and quad stretch,中级髋屈肌股四头肌拉伸
inverse leg curl (on pull-up cable machine),反向腿弯举（龙门架）
inverted row,倒立划船
inverted row bent knees,屈腿倒立划船
inverted row on bench,凳上倒立划船
inverted row v. 2,倒立划船（2版）
inverted row with straps,带带倒立划船
iron cross stretch,铁十字拉伸
isometric chest squeeze,等长胸部挤压
isometric wipers,等长雨刮器
jack burpee,杰克波比跳
jack jump (male),杰克跳（男）
jackknife sit-up,折刀仰卧起坐
janda sit-up,扬达式仰卧起坐
jump rope,跳绳
jump squat,跳蹲
jump squat v. 2,跳蹲（2版）
kettlebell advanced windmill,壶铃高级风车
kettlebell alternating hang clean,壶铃交替悬垂翻举
kettlebell alternating press,壶铃交替推举
kettlebell alternating press on floor,壶铃地板交替推举
kettlebell alternating renegade row,壶铃交替倒立划船
kettlebell alternating row,壶铃交替划船
kettlebell arnold press,壶铃阿诺德推举
kettlebell bent press,壶铃俯身推举
kettlebell bottoms up clean from the hang position,壶铃悬垂倒立翻举
kettlebell double alternating hang clean,壶铃双悬垂交替翻举
kettlebell double jerk,壶铃双挺举
kettlebell double push press,壶铃双借力推
kettlebell double snatch,壶铃双抓举
kettlebell double windmill,壶铃双风车
kettlebell extended range one arm press on floor,壶铃地板单臂大行程推举
kettlebell figure 8,壶铃8字绕环
kettlebell front squat,壶铃前蹲
kettlebell goblet squat,壶铃高脚杯深蹲
kettlebell hang clean,壶铃悬垂翻举
kettlebell lunge pass through,壶铃箭步蹲穿环
kettlebell one arm clean and jerk,壶铃单臂翻挺
kettlebell one arm floor press,壶铃单臂地板推
kettlebell one arm jerk,壶铃单臂挺举
kettlebell one arm military press to the side,壶铃单臂侧推举
kettlebell one arm push press,壶铃单臂借力推
kettlebell one arm row,壶铃单臂划船
kettlebell one arm snatch,壶铃单臂抓举
kettlebell pirate supper legs,壶铃海盗腿
kettlebell pistol squat,壶铃手枪深蹲
kettlebell plyo push-up,壶铃增强式俯卧撑
kettlebell seated press,壶铃坐姿推举
kettlebell seated two arm military press,壶铃坐姿双臂推举
kettlebell seesaw press,壶铃跷跷板推举
kettlebell sumo high pull,壶铃相扑高拉
kettlebell swing,壶铃摇摆
kettlebell thruster,壶铃前蹲推
kettlebell turkish get up (squat style),壶铃土耳其起立（深蹲式）
l-pull-up,L型引体向上
kettlebell two arm clean,壶铃双臂翻举
kettlebell two arm military press,壶铃双臂推举
kettlebell two arm row,壶铃双臂划船
kettlebell windmill,壶铃风车
kick out sit,踢腿坐姿
kipping muscle up,甩动双力臂
knee touch crunch,触膝卷腹
kneeling jump squat,跪姿跳蹲
kneeling lat stretch,跪姿背阔肌拉伸
kneeling plank tap shoulder (male),跪姿平板触肩（男）
kneeling push-up (male),跪姿俯卧撑（男）
l-sit on floor,地板L型支撑
landmine 180,地雷架180度转体
landmine lateral raise,地雷架侧平举
lean planche,倾斜平面支撑
left hook. boxing,左勾拳（拳击）
leg pull in flat bench,平板凳收腿
leg up hamstring stretch,抬腿腘绳肌拉伸
lever alternate leg press,杠杆交替腿举
lever alternating narrow grip seated row,杠杆交替窄握坐姿划船
lever assisted chin-up,杠杆辅助引体向上
lever back extension,杠杆背部伸展
lever bent over row,杠杆俯身划船
lever bent-over row with v-bar,杠杆V把俯身划船
lever bicep curl,杠杆二头弯举
lever calf press,杠杆小腿推举
lever chest press,杠杆推胸
lever deadlift,杠杆硬拉
lever decline chest press,杠杆下斜推胸
lever donkey calf raise,杠杆驴式提踵
lever front pulldown,杠杆前下拉
lever gripless shrug,杠杆无握把耸肩
lever gripless shrug v. 2,杠杆无握把耸肩（2版）
lever hammer grip preacher curl,杠杆锤握牧师弯举
lever high row,杠杆高位划船
lever hip extension v. 2,杠杆髋伸展（2版）
lever horizontal one leg press,杠杆水平单腿举
lever incline chest press,杠杆上斜推胸
lever incline chest press v. 2,杠杆上斜推胸（2版）
lever kneeling leg curl,杠杆跪姿腿弯举
lever kneeling twist,杠杆跪姿转体
lever lateral raise,杠杆侧平举
lever leg extension,杠杆腿伸展
lever lying leg curl,杠杆仰卧腿弯举
lever lying two-one leg curl,杠杆仰卧双腿弯举
lever military press,杠杆推举
lever narrow grip seated row,杠杆窄握坐姿划船
lever one arm bent over row,杠杆单臂俯身划船
lever one arm lateral high row,杠杆单臂高位侧平举
lever one arm lateral wide pulldown,杠杆单臂宽握侧下拉
lever one arm shoulder press,杠杆单臂肩推
lever overhand triceps dip,杠杆正握三头臂屈伸
lever preacher curl,杠杆牧师弯举
lever preacher curl v. 2,杠杆牧师弯举（2版）
lever pullover,杠杆上拉
medicine ball chest push multiple response,药球胸部多次推击
lever reverse grip lateral pulldown,杠杆反握侧下拉
lever reverse grip preacher curl,杠杆反握牧师弯举
lever reverse grip vertical row,杠杆反握垂直划船
lever reverse hyperextension,杠杆反向背部挺身
lever reverse t-bar row,杠杆反向T杠划船
lever rotary calf,杠杆旋转小腿
lever seated calf press,杠杆坐姿小腿推举
lever seated calf raise,杠杆坐姿提踵
lever seated crunch,杠杆坐姿卷腹
lever seated crunch (chest pad),杠杆坐姿卷腹（胸垫）
lever seated crunch v. 2,杠杆坐姿卷腹（2版）
lever seated dip,杠杆坐姿臂屈伸
lever seated fly,杠杆坐姿飞鸟
lever seated good morning,杠杆坐姿早安式
lever seated hip abduction,杠杆坐姿髋外展
lever seated hip adduction,杠杆坐姿髋内收
lever seated leg curl,杠杆坐姿腿弯举
lever seated leg raise crunch,杠杆坐姿抬腿卷腹
lever seated reverse fly,杠杆坐姿反向飞鸟
lever seated reverse fly (parallel grip),杠杆坐姿对握反向飞鸟
lever seated row,杠杆坐姿划船
lever seated squat calf raise on leg press machine,杠杆腿举机坐姿深蹲提踵
lever shoulder press,杠杆肩推
lever shoulder press v. 2,杠杆肩推（2版）
lever shoulder press v. 3,杠杆肩推（3版）
lever shrug,杠杆耸肩
lever standing calf raise,杠杆站姿提踵
lever standing chest press,杠杆站姿推胸
lever t bar row,杠杆T杠划船
lever t-bar reverse grip row,杠杆T杠反握划船
lever triceps extension,杠杆三头肌伸展
lever unilateral row,杠杆单臂划船
london bridge,伦敦桥
low glute bridge on floor,地板低位臀桥
lower back curl,下背卷腹
lunge with jump,跳箭步蹲
lunge with twist,转体箭步蹲
lying (side) quads stretch,侧卧股四头肌拉伸
lying elbow to knee,仰卧肘触膝
lying leg raise flat bench,平板凳仰卧举腿
lying leg-hip raise,仰卧举腿臀桥
machine inner chest press,器械内收推胸
march sit (wall),靠墙坐姿行进
medicine ball catch and overhead throw,药球接球过头抛
medicine ball chest pass,药球胸前传球
medicine ball chest push from 3 point stance,药球三点站姿推胸
medicine ball chest push single response,药球单次推胸
medicine ball chest push with run release,药球跑动推胸
medicine ball close grip push up,药球窄握俯卧撑
medicine ball overhead slam,药球过头砸地
medicine ball supine chest throw,药球仰卧胸推
mixed grip chin-up,混合握引体向上
modified hindu push-up (male),改良印度俯卧撑（男）
modified push up to lower arms,改良低位俯卧撑
monster walk,怪兽行走
mountain climber,登山跑
muscle up,双力臂
push-up on lower arms,低位俯卧撑
muscle-up (on vertical bar),单杠双力臂
narrow push-up on exercise ball,瑜伽球窄握俯卧撑
neck side stretch,颈部侧拉伸
negative crunch,退让卷腹
oblique crunch v. 2,侧腹卷腹（2版）
oblique crunches floor,地板侧腹卷腹
olympic barbell hammer curl,奥杆锤式弯举
olympic barbell triceps extension,奥杆三头肌伸展
one arm against wall,单臂靠墙
one arm chin-up,单臂引体向上
one arm dip,单臂臂屈伸
one arm slam (with medicine ball),单臂药球砸地
one arm towel row,单臂毛巾划船
one leg donkey calf raise,单腿驴式提踵
one leg floor calf raise,单腿地板提踵
one leg squat,单腿深蹲
otis up,奥蒂斯起身
outside leg kick push-up,外踢腿俯卧撑
overhead triceps stretch,过头三头肌拉伸
pelvic tilt,骨盆倾斜
pelvic tilt into bridge,骨盆倾斜接臀桥
peroneals stretch,腓骨肌拉伸
pike-to-cobra push-up,Pike接眼镜蛇俯卧撑
plyo push up,增强式俯卧撑
posterior step to overhead reach,后步过头伸展
posterior tibialis stretch,胫骨后肌拉伸
potty squat,如厕深蹲
potty squat with support,支撑如厕深蹲
power clean,力量翻举
power point plank,力量点平板
prisoner half sit-up (male),囚徒半程仰卧起坐（男）
prone twist on stability ball,瑜伽球俯卧转体
pull up (neutral grip),对握引体向上
pull-in (on stability ball),瑜伽球收身
pull-up,引体向上
push and pull bodyweight,自重推拉
push to run,推接跑动
push up on bosu ball,波速球俯卧撑
push-up,俯卧撑
push-up (bosu ball),波速球俯卧撑
push-up (on stability ball),瑜伽球俯卧撑
push-up (wall),墙俯卧撑
push-up (wall) v. 2,墙俯卧撑（2版）
push-up close-grip off dumbbell,哑铃窄握俯卧撑
push-up inside leg kick,内踢腿俯卧撑
push-up medicine ball,药球俯卧撑
push-up plus,肩胛俯卧撑
push-up to side plank,俯卧撑接侧平板
quads,股四头肌训练
quarter sit-up,四分之一仰卧起坐
quick feet v. 2,快速脚步（2版）
raise single arm push-up,单臂支撑俯卧撑
rear decline bridge,后下斜臀桥
rear deltoid stretch,后束拉伸
rear pull-up,后引体向上
reclining big toe pose with rope,绳索仰卧大脚趾式
resistance band hip thrusts on knees (female),弹力带跪姿髋推（女）
resistance band leg extension,弹力带腿伸展
resistance band seated biceps curl,弹力带坐姿二头弯举
resistance band seated chest press,弹力带坐姿推胸
resistance band seated hip abduction,弹力带坐姿髋外展
resistance band seated shoulder press,弹力带坐姿肩推
resistance band seated straight back row,弹力带坐姿直背划船
reverse crunch,反向卷腹
reverse dip,反向臂屈伸
reverse grip machine lat pulldown,反握器械高位下拉
reverse grip pull-up,反握引体向上
reverse hyper extension (on stability ball),瑜伽球反向挺身
reverse hyper on flat bench,平板凳反向挺身
reverse plank with leg lift,反向平板抬腿
rocking frog stretch,摇摆青蛙拉伸
rocky pull-up pulldown,洛基引体向下拉
roller back stretch,泡沫轴背部拉伸
roller body saw,泡沫轴身体锯
roller hip lat stretch,泡沫轴髋背阔肌拉伸
roller hip stretch,泡沫轴髋部拉伸
roller reverse crunch,泡沫轴反向卷腹
roller seated shoulder flexor depresor retractor,泡沫轴坐姿肩屈伸训练
roller seated single leg shoulder flexor depresor retractor,泡沫轴坐姿单腿肩屈伸训练
roller side lat stretch,泡沫轴侧背阔肌拉伸
rope climb,爬绳
run,跑步
run (equipment),器械跑步
runners stretch,跑者拉伸
russian twist,俄罗斯转体
scapula dips,肩胛臂屈伸
scapula push-up,肩胛俯卧撑
scapular pull-up,肩胛引体向上
scissor jumps (male),剪刀跳（男）
seated calf stretch (male),坐姿小腿拉伸（男）
seated glute stretch,坐姿臀部拉伸
seated leg raise,坐姿抬腿
seated lower back stretch,坐姿下背拉伸
seated piriformis stretch,坐姿梨状肌拉伸
seated side crunch (wall),靠墙坐姿侧卷腹
seated wide angle pose sequence,坐姿广角式序列
self assisted inverse leg curl,自助反向腿弯举
self assisted inverse leg curl (on floor),地板自助反向腿弯举
semi squat jump (male),半蹲跳（男）
short stride run,小步跑
shoulder grip pull-up,肩握引体向上
shoulder tap,触肩
shoulder tap push-up,触肩俯卧撑
side bridge hip abduction,侧桥髋外展
side bridge v. 2,侧桥（2版）
side hip (on parallel bars),双杠侧髋
side hip abduction,侧髋外展
side lying floor stretch,侧卧地板拉伸
side lying hip adduction (male),侧卧髋内收（男）
side plank hip adduction,侧平板髋内收
side push neck stretch,侧推颈部拉伸
side push-up,侧俯卧撑
side wrist pull stretch,侧腕拉伸
side-to-side chin,左右引体向上
side-to-side toe touch (male),左右触趾（男）
single arm push-up,单臂俯卧撑
single leg bridge with outstretched leg,单腿伸展臀桥
single leg calf raise (on a dumbbell),哑铃单腿提踵
single leg platform slide,单腿平台滑动
single leg squat (pistol) male,单腿深蹲（男）
sissy squat,娘娘腔深蹲
sit-up v. 2,仰卧起坐（2版）
sit-up with arms on chest,抱臂仰卧起坐
skater hops,滑冰者跳
ski ergometer,滑雪测功仪
ski step,滑雪踏步
skin the cat,猫式伸展
sled 45 degrees one leg press,45度倒蹬机单腿举
sled 45в° calf press,45度倒蹬机小腿推举
sled 45в° leg press,45度倒蹬机腿举
sled 45в° leg press (back pov),45度倒蹬机腿举（背面）
sled 45° leg press (side pov),45度倒蹬机腿举（侧面）
sled 45в° leg wide press,45度倒蹬机宽距腿举
sled calf press on leg press,倒蹬机小腿推举
sled closer hack squat,倒蹬机近距离哈克深蹲
sled forward angled calf raise,倒蹬机前斜提踵
sled hack squat,倒蹬机哈克深蹲
sled lying calf press,倒蹬机仰卧小腿推举
sled lying squat,倒蹬机仰卧深蹲
sledge hammer,大锤砸轮胎
smith back shrug,史密斯机后耸肩
smith behind neck press,史密斯机颈后推举
smith bench press,史密斯机卧推
smith bent knee good morning,史密斯机屈腿早安式
smith bent over row,史密斯机俯身划船
smith chair squat,史密斯机椅式深蹲
smith deadlift,史密斯机硬拉
smith decline bench press,史密斯机下斜卧推
smith full squat,史密斯机全程深蹲
smith hack squat,史密斯机哈克深蹲
smith incline bench press,史密斯机上斜卧推
smith leg press,史密斯机腿举
smith low bar squat,史密斯机低杠深蹲
smith shoulder press,史密斯机肩推
smith single leg split squat,史密斯机单腿分腿蹲
smith squat,史密斯机深蹲
smith upright row,史密斯机直立划船
smith wide grip bench press,史密斯机宽握卧推
suspended push-up,悬挂俯卧撑
trap bar deadlift,六角杠硬拉
weighted crunch,负重卷腹
weighted pull-up,负重引体向上
weighted squat,负重深蹲
wheel rollerout,健腹轮
wide grip pull-up,宽握引体向上
ez barbell anti gravity press,曲杠杠铃反重力推举
sled one leg calf press on leg press,倒蹬机单腿站姿提踵
smith close-grip bench press,史密斯机窄握卧推
smith decline reverse-grip press,史密斯机下斜反握卧推
smith front squat (clean grip),史密斯机宽握前蹲
smith hip raise,史密斯机髋上抬
smith incline reverse-grip press,史密斯机上斜反握卧推
smith incline shoulder raises,史密斯机上斜侧平举
smith machine bicep curl,史密斯机二头弯举
smith machine decline close grip bench press,史密斯机下斜窄握卧推
smith machine incline tricep extension,史密斯机上斜三头肌伸展
smith machine reverse decline close grip bench press,史密斯机反下斜窄握卧推
smith narrow row,史密斯机窄握划船
smith one arm row,史密斯机单臂划船
smith one leg floor calf raise,史密斯机单腿地板提踵
smith rear delt row,史密斯机后束划船
sphinx,狮身式俯卧支撑
smith reverse grip bent over row,史密斯机反握俯身划船
smith reverse-grip press,史密斯机反握推举
smith seated one leg calf raise,史密斯机坐姿单腿提踵
smith seated shoulder press,史密斯机坐姿肩推
smith seated wrist curl,史密斯机坐姿腕弯举
smith shrug,史密斯机耸肩
smith sprint lunge,史密斯机冲刺箭步蹲
smith standing back wrist curl,史密斯机站姿反腕弯举
smith standing behind head military press,史密斯机站姿颈后推举
smith standing leg calf raise,史密斯机站姿小腿提踵
smith standing military press,史密斯机站姿推举
smith sumo squat,史密斯机相扑深蹲
smith toe raise,史密斯机提踵
smith wide grip decline bench press,史密斯机宽握下斜卧推
snatch pull,抓举发力拉
spell caster,施法式支撑
spider crawl push up,蜘蛛爬行俯卧撑
spine stretch,脊柱拉伸
spine twist,脊柱转体
split squats,分腿蹲
squat jerk,深蹲挺举
squat on bosu ball,波速球深蹲
squat to overhead reach,深蹲过头伸展
squat to overhead reach with twist,深蹲过头转体伸展
stability ball crunch (full range hands behind head),瑜伽球全程抱头卷腹
stalder press,斯塔德推举
standing archer,站姿弓箭手式
standing behind neck press,站姿颈后推举
standing calf raise (on a staircase),站姿楼梯提踵
standing calves,站姿小腿训练
standing calves calf stretch,站姿小腿拉伸
standing hamstring and calf stretch with strap,站姿弹力带腘绳肌小腿拉伸
standing lateral stretch,站姿侧拉伸
standing pelvic tilt,站姿骨盆倾斜
standing single leg curl,站姿单腿弯举
standing wheel rollerout,站姿健腹轮
star jump (male),星形跳（男）
stationary bike run v. 3,固定单车跑步（3 版）
stationary bike walk,固定单车步行
straddle maltese,分腿马耳他支撑
straddle planche,分腿平面支撑
straight leg outer hip abductor,直腿髋外展训练
superman push-up,超人俯卧撑
suspended abdominal fallout,悬挂腹部伸展
suspended reverse crunch,悬挂反向卷腹
suspended row,悬挂划船
suspended split squat,悬挂分腿蹲
swimmer kicks v. 2 (male),游泳式踢腿（2 版 / 男）
swing 360,360° 摆荡训练
three bench dip,三凳臂屈伸
tire flip,砸轮胎训练
triceps dip,三头肌臂屈伸
triceps dip (bench leg),凳上三头肌臂屈伸
triceps dip (between benches),凳间三头肌臂屈伸
triceps dips floor,地板三头肌臂屈伸
triceps press,三头肌推举
triceps stretch,三头肌拉伸
tuck crunch,收腹卷腹
twin handle parallel grip lat pulldown,双握把对握高位下拉
twist hip lift,转体髋上抬
twisted leg raise,扭转抬腿
twisted leg raise (female),扭转抬腿（女）
two toe touch (male),二次触趾（男）
upper back stretch,上背部拉伸
upward facing dog,眼镜蛇式挺身
v-sit on floor,地板 V 字支撑
vertical leg raise (on parallel bars),双杠垂直抬腿
walk elliptical cross trainer,椭圆机步行
walking high knees lunge,行进高抬腿箭步蹲
walking lunge,行进箭步蹲
walking on incline treadmill,上斜跑步机步行
walking on stepmill,台阶机步行
weighted bench dip,负重凳上臂屈伸
weighted close grip chin-up on dip cage,负重双杠架窄握引体向上
weighted cossack squats (male),负重哥萨克深蹲（男）
weighted decline sit-up,负重下斜仰卧起坐
weighted donkey calf raise,负重站姿提踵
weighted drop push up,负重下落俯卧撑
weighted front plank,负重前平板支撑
weighted front raise,负重前平举
weighted hanging leg-hip raise,负重悬挂举腿
weighted hyperextension (on stability ball),负重瑜伽球背部挺身
weighted kneeling step with swing,负重跪姿摆荡踏步
weighted lunge with swing,负重摆荡箭步蹲
weighted muscle up,负重双力臂
weighted muscle up (on bar),负重单杠双力臂
weighted one hand pull up,负重单手引体向上
weighted overhead crunch (on stability ball),负重瑜伽球过头卷腹
weighted round arm,负重圆臂训练
weighted russian twist,负重俄罗斯转体
weighted russian twist (legs up),负重抬腿俄罗斯转体
weighted russian twist v. 2,负重俄罗斯转体（2 版）
weighted seated bicep curl (on stability ball),负重瑜伽球坐姿二头弯举
weighted seated twist (on stability ball),负重瑜伽球坐姿转体
weighted side bend (on stability ball),负重瑜伽球侧屈
weighted sissy squat,负重徒手深蹲
weighted standing curl,负重站姿弯举
weighted standing hand squeeze,负重站姿手部挤压
weighted straight bar dip,负重直杠臂屈伸
weighted stretch lunge,负重拉伸箭步蹲
weighted svend press,负重斯文推举
weighted three bench dips,负重三凳臂屈伸
weighted tricep dips,负重三头肌臂屈伸
weighted triceps dip on high parallel bars,负重高双杠三头肌臂屈伸
wheel run,健腹轮跑动训练
wide grip rear pull-up,宽握后引体向上
wide hand push up,宽距俯卧撑
wide-grip chest dip on high parallel bars,高双杠宽握胸臂屈伸
wind sprints,短距离冲刺跑
world greatest stretch,全球最佳拉伸
wrist circles,手腕环绕
wrist rollerer,手腕滚轮训练
smith reverse calf raises,史密斯机反向提踵
